x,y,raDeg,decDeg,mag,hr
1768.9938,817.6729,79.172500,45.998056,0.08,1708
1429.1192,511.1065,68.980000,16.509167,0.85,1457
1230.2181,1154.0551,17.432917,35.620556,2.06,337
1020.0182,1468.8866,345.943750,28.082778,2.42,8775
1585.4697,1000.0159,51.080833,49.861111,1.79,1017
1307.8815,1826.7561,310.357917,45.280278,1.25,7924
1172.6688,920.9938,31.793333,23.462500,2.00,617
1466.2235,1331.4339,10.127083,56.537222,2.23,168
1672.6209,574.2684,81.572917,28.607500,1.65,1791
1530.9469,1324.4095,14.177083,60.716667,2.47,264
1079.3570,1284.3972,2.097083,29.090556,2.06,15
1472.6440,935.0797,47.042083,40.955556,2.12,936
1885.9436,1454.6631,37.952917,89.264167,2.02,424
1445.8099,919.7114,46.294167,38.840278,3.39,921
545.5325,902.4253,10.897500,-17.986667,2.04,188
1481.9513,1396.8617,2.294583,59.149722,2.27,21
1856.7636,773.8234,89.882083,44.947500,1.90,2088
740.3924,1672.2970,326.046667,9.875000,2.39,8308
1633.9815,669.5169,74.248333,33.166111,2.69,1577
1119.7663,934.9971,28.660000,20.808056,2.64,553
1547.3563,1275.7504,21.454167,60.235278,2.68,403
1252.1753,1891.3607,305.557083,40.256667,2.20,7796
1531.7503,1670.1180,319.645000,62.585556,2.44,8162
842.1363,1422.3199,346.190417,15.205278,2.49,8781
1589.0383,1067.2428,46.199167,53.506389,2.93,915
1132.6749,1857.1815,311.552917,33.970278,2.46,7949
903.3336,1201.6084,3.309167,15.183611,2.83,39
1384.8999,688.0351,56.871250,24.105000,2.87,1165
1042.8760,1534.6748,340.750417,30.221389,2.94,8650
992.9135,338.1704,59.507500,-13.508611,2.95,1231
1133.9689,1206.6033,9.832083,30.860833,3.27,165
1466.2770,1650.4096,325.876667,58.780000,4.08,8316
1559.0315,838.9921,59.463333,40.010278,2.89,1220
1476.3390,755.7049,58.532917,31.883611,2.85,1203
1308.3392,1004.6508,32.385833,34.987222,3.00,622
1449.9686,1605.4165,332.713750,58.201111,3.35,8465
599.5130,1556.1608,331.445833,-0.319722,2.96,8414
1817.9661,660.8832,89.930417,37.212500,2.62,2095
675.0886,869.1298,17.147500,-10.182222,3.45,334
1723.3819,801.7367,75.492083,43.823333,2.99,1605
1724.9280,1466.2507,354.836667,77.632500,3.21,8974
1598.6586,949.5549,55.731250,47.787500,3.01,1122
1592.4752,1111.7163,42.674167,55.895556,3.76,834
1488.6199,1322.1553,12.275000,57.815833,3.44,219
1219.5723,1003.2140,28.270417,29.578889,3.41,544
1015.5788,962.9014,22.870833,15.345833,3.62,437
1055.8393,1792.5006,318.234167,30.226944,3.20,8115
614.7526,1042.3916,4.857083,-8.823889,3.56,74
965.0460,1500.6873,342.500833,24.601667,3.48,8684
1541.8104,1720.6256,311.322500,61.838889,3.43,7957
531.5987,1350.9237,343.153750,-7.579722,3.74,8698
1450.4569,1572.8158,337.292917,58.415278,3.75,8571
1611.6426,1258.9993,28.598750,63.670000,3.38,542
1561.3729,1528.1135,342.420000,66.200556,3.52,8694
750.7901,730.1637,27.865000,-10.335000,3.73,539
1012.6750,667.1858,40.825000,3.235833,3.47,804
672.8371,718.1527,26.017083,-15.937500,3.50,509
1642.1440,464.9755,84.411250,21.142500,3.00,1910
768.8263,1482.4563,340.365417,10.831389,3.40,8634
1292.9045,1426.3903,354.391250,46.458056,3.82,8961
1060.0637,1147.7995,11.834583,24.267222,4.06,215
1716.1406,762.5981,76.628750,41.234444,3.17,1641
1171.5335,601.0134,51.203333,9.028889,3.60,1030
1638.6973,1610.0531,322.165000,70.560833,3.23,8238
1367.4167,385.2370,72.460000,6.961389,3.19,1543
1268.4643,1781.6982,316.232917,43.927778,3.72,8079
1706.0167,764.6519,75.619583,41.075833,3.75,1612
1295.1882,845.6397,42.495833,27.260556,3.63,838
692.3852,1325.9842,349.291250,3.282222,3.69,8852
1749.1842,1151.4921,57.380000,65.526111,4.47,1155
1556.7314,887.8886,56.298333,42.578611,3.77,1135
624.4092,1119.2924,0.490000,-6.014167,4.41,9089
1221.1400,1503.9333,345.480417,42.326111,3.62,8762
1436.3183,553.8623,67.154167,19.180278,3.53,1409
1862.3294,787.9530,89.983750,45.936944,4.26,2091
1001.2533,404.0151,55.812083,-9.763333,3.54,1136
691.8418,1570.3738,332.550000,6.197778,3.53,8450
1296.3046,545.4969,60.170000,12.490278,3.47,1239
1371.4383,1394.5391,359.603333,51.388611,4.80,9066
1184.9390,601.0794,51.792500,9.732778,3.74,1038
1513.2652,971.5455,47.374167,44.857222,3.80,941
1377.8445,534.5470,64.948333,15.627500,3.65,1346
1250.6150,1203.3518,14.188333,38.499444,3.87,269
901.7742,541.9001,44.107083,-8.898056,3.89,874
966.9495,1633.4151,331.752917,25.345000,3.76,8430
1294.8383,1583.5341,337.382500,47.706944,4.36,8572
1566.7304,1075.6454,43.564583,52.762500,3.95,854
1173.7671,1775.0799,318.697917,38.045556,3.72,8130
854.6383,1045.3565,12.170833,7.585000,4.43,224
1375.4570,794.1257,50.085000,29.048333,4.47,999
1209.0597,753.5595,43.952083,18.331667,5.91,867
1369.9584,1863.9812,303.867917,47.714444,3.98,7751
1017.0166,1297.5481,359.439583,25.141389,4.66,9064
915.9963,866.2227,25.357917,5.487500,4.44,489
979.7441,434.4640,53.232500,-9.458333,3.73,1084
966.2763,879.2266,26.348333,9.157778,4.26,510
1693.4022,1702.1816,297.043333,70.267778,3.83,7582
879.9189,1002.0240,15.735833,7.890000,4.28,294
1604.1494,440.1419,83.053333,18.594444,4.38,1845
955.1735,1169.8394,7.012083,17.893056,5.06,103
570.4522,1284.0201,348.580833,-6.048889,4.22,8834
1335.1204,1127.6183,24.199167,41.405556,4.09,458
1149.5190,1617.9777,333.992500,37.748889,4.13,8498
949.0603,1508.5222,341.632917,23.565556,3.95,8667
1308.1587,977.4868,34.328750,33.847222,4.01,664
969.2980,1223.0149,3.650833,20.206667,4.80,45
1452.7796,1179.2987,25.915000,50.688611,4.07,496
1381.2900,911.9660,42.878333,35.059722,4.53,843
1332.3323,1578.0023,337.822917,50.282500,3.77,8585
1458.7981,778.3775,56.079583,32.288333,3.83,1131
971.0723,656.7933,39.870833,0.328611,4.07,779
1272.3601,1708.1625,324.010000,45.374722,5.53,8262
1516.6048,1057.9380,41.050000,49.228333,4.12,799
781.2042,1202.5756,359.827917,6.863333,4.01,9072
1661.5328,913.8693,63.724583,48.409444,4.14,1303
1232.0684,479.7052,60.789167,5.989167,3.91,1251
1558.6546,1020.8119,47.266667,49.613333,4.05,937
1413.9500,943.9029,42.646250,38.318611,4.23,840
1819.1790,1030.2366,75.854583,60.442222,4.03,1603
591.5065,1494.9483,335.414167,-1.387222,3.84,8518
1062.2199,1114.4918,14.301667,23.417500,4.42,271
742.4638,1305.0054,351.992083,6.378889,4.28,8916
1113.2749,1200.4948,9.638750,29.311667,4.37,163
1450.8480,455.1456,73.133333,14.250556,4.74,1556
1723.2673,1130.1324,55.538750,63.216667,5.10,1105
1168.0520,1228.2990,9.220417,33.719444,4.36,154
960.8516,1360.0420,353.367083,22.498889,5.32,8940
1644.5141,913.4912,62.165417,47.712500,4.04,1273
1264.9022,1414.3007,355.102083,44.333889,4.14,8976
1544.3191,1371.2361,8.250000,62.931667,4.16,130
1679.8829,1105.6489,52.267083,59.940278,4.21,1035
1320.8498,1476.3318,349.436250,49.015278,4.85,8860
1094.2305,715.5060,41.235417,10.114167,4.27,813
1052.9310,1059.0070,17.863333,21.034722,4.66,351
1258.4562,727.3116,47.907500,19.726667,4.35,951
1713.4856,1318.1440,30.858750,72.421389,3.98,580
764.9593,1390.1017,346.751250,9.409444,4.52,8795
1361.0158,1592.2719,335.890000,52.229167,4.43,8538
744.4835,1260.6152,354.987500,5.626389,4.13,8969
1453.9999,440.6401,74.092917,13.514444,4.07,1580
985.0169,1451.0832,346.778333,25.468333,4.76,8796
1713.0895,1162.8862,51.168750,64.586111,5.23,1009
1356.2496,369.4536,72.801667,5.605000,3.69,1552
1418.0192,1071.4396,33.305417,44.231667,4.83,643
756.5785,1378.5451,347.381250,8.677222,5.12,8815
947.7798,1744.2265,322.487083,23.638889,4.57,8225
1040.4061,749.6097,37.039583,8.460000,4.28,718
1848.4636,1443.1586,17.186250,86.256944,4.25,285
534.4291,1259.9676,348.972917,-9.087778,4.21,8841
892.4927,1765.1622,320.521667,19.804444,4.08,8173
1228.5647,619.9083,52.718333,12.936667,4.11,1066
1232.8831,1808.7181,314.293333,41.167222,3.94,8028
1523.3134,789.7837,59.741250,35.791111,4.04,1228
1312.2461,867.8305,41.977083,29.247222,4.51,824
1014.4899,795.7703,33.250000,8.846667,4.37,649
1531.7811,1610.7397,329.162917,63.625556,4.91,8383
948.8332,1099.2252,11.637500,15.475556,5.38,211
1426.7677,1558.1543,339.657917,56.795833,5.21,8621
1322.7092,1763.8530,316.650417,47.648333,4.55,8089
