x,y,raDeg,decDeg,magnitude,hr,training
1771.180963572268,1436.61133960047,114.825417,5.225,0.38,2943.0,0
1674.8776923076923,1133.0223076923078,116.32875,28.026111,1.14,2990.0,1
1249.3417122040073,1426.3468123861567,152.092917,11.967222,1.35,3982.0,1
2009.583044982699,899.2335640138408,81.572917,28.6075,1.65,1791.0,0
949.1305912596401,744.4560411311054,193.507083,55.959722,1.77,4905.0,1
1162.9623217922606,738.2871690427698,165.932083,61.750833,1.79,4301.0,1
804.7413676371023,759.7779282329045,206.885,49.313333,1.86,5191.0,0
1794.8010471204188,771.4936424831712,89.882083,44.9475,1.9,2088.0,1
1921.6774193548388,1197.3306451612902,99.427917,16.399167,1.93,2421.0,1
1399.0813356164383,1694.9623287671234,141.896667,-8.658611,1.98,3748.0,0
1267.8780078343593,369.8964745383324,37.952917,89.264167,2.02,424.0,1
1031.9783216783217,458.0272727272727,222.67625,74.155556,2.08,5563.0,1
911.8267605633803,1349.2971830985916,177.265,14.571944,2.14,4534.0,0
893.2619883040936,724.9918128654971,200.98125,54.925278,2.27,5054.0,1
1151.4876237623762,810.9591584158416,165.460417,56.3825,2.37,4295.0,1
1041.8957718780728,821.4110127826942,178.4575,53.694722,2.44,4554.0,0
1037.6555740432611,1291.765391014975,168.527083,20.523611,2.56,4357.0,1
1212.243074173369,1318.9593386952636,154.992917,19.841667,2.61,4057.0,1
1867.2225656877897,861.7650695517774,89.930417,37.2125,2.62,2095.0,0
1927.8910994764399,1089.7350785340313,95.74,22.513611,2.88,2286.0,1
821.4894991922456,962.4103392568659,194.007083,38.318333,2.9,4915.0,1
1856.3297587131367,1090.1072386058981,100.982917,25.131111,2.98,2473.0,0
1321.763907734057,1264.459972862958,146.462917,23.774167,2.98,3873.0,1
1889.1548821548822,678.0774410774411,75.492083,43.823333,2.99,1605.0,1
1103.4552352048559,968.1927162367223,167.415833,44.498611,3.01,4335.0,0
988.2374100719425,446.62589928057554,230.182083,71.833889,3.05,5735.0,1
1216.4764243614932,1022.2809430255403,155.582083,41.499444,3.05,4069.0,1
1507.504347826087,1488.486956521739,133.848333,5.945556,3.11,3547.0,0
1385.3062330623306,1113.5627822944896,140.26375,34.3925,3.13,3705.0,1
1329.9528455284553,880.3951219512195,143.214167,51.677222,3.17,3775.0,1
1948.583625730994,1075.0725146198831,93.719167,22.506667,3.28,2216.0,0
1021.0307692307692,763.8051282051282,183.856667,57.0325,3.31,4660.0,1
1419.6456400742115,737.0482374768089,127.56625,60.718056,3.36,3323.0,1
1224.2794612794612,1270.138047138047,154.1725,23.417222,3.44,4031.0,0
1230.6201923076924,1003.3317307692307,154.274167,42.914444,3.45,4033.0,1
1253.3531353135313,1361.1056105610562,151.833333,16.762778,3.52,3975.0,1
1343.8898305084747,1451.8601694915253,145.2875,9.892222,3.52,3852.0,0
1313.0091324200914,726.2876712328767,142.882083,63.061944,3.67,3757.0,1
1030.9942857142858,904.4342857142857,176.5125,47.779444,3.71,4518.0,1
1698.0287081339713,670.5980861244019,89.881667,54.284722,3.72,2077.0,0
1285.450495049505,783.1287128712871,147.7475,59.038611,3.8,3888.0,1
1387.1911764705883,1079.8431372549019,139.71125,36.8025,3.82,3690.0,1
1152.0194552529183,630.0155642023346,172.850833,69.331111,3.84,4434.0,0
1299.045643153527,1234.7178423236514,148.190833,26.006944,3.88,3905.0,1
1864.4655172413793,824.0,87.8725,39.148611,3.97,2012.0,1
1424.580487804878,1004.7951219512195,135.16,41.782778,3.97,3579.0,0
1495.1908396946565,1174.2900763358778,131.674167,28.76,4.02,3475.0,1
1512.2603305785124,963.7107438016529,125.70875,43.188056,4.25,3275.0,1
1784.612745098039,760.7941176470588,89.98375,45.936944,4.26,2091.0,0
1274.3164556962026,484.69620253164555,144.271667,81.326389,4.29,3751.0,1
